,x1,x2
0,2.096024608694031,0.7383076284091812
1,1.3531684287436228,-1.4008711388282853
2,1.3259252413148452,-0.4349728875304266
3,-0.13850287667381678,0.7672361238388117
4,1.909772562027542,0.5492630651368438
5,-0.9570841371547403,1.078770337658366
6,1.3482465714217575,0.3810721766382245
7,0.021908877930709558,-0.9895482191443983
8,0.8095626555467391,0.9741514286832282
9,0.30710851212577783,-1.6834064797116284
10,0.039751220623397754,-0.3440634143043473
11,-0.13420751455975,0.5226520312620151
12,0.21627524192774145,1.4313120060960078
13,1.9180469554414428,0.21889050124102566
14,1.7523405568927983,-1.5678986055869544
15,-0.739648222236752,1.8955498640245405
16,1.2662755571364803,-1.9159568094013482
17,0.0020427998902902145,-1.2104228958903112
18,1.6039846289809845,0.10314204693398649
19,-1.0901308905290532,0.6320676499154494
20,1.5510181434253267,-0.0609148714600444
21,1.809985060087066,0.9207889727056309
22,-0.2798390165604956,-0.7588750182006667
23,0.23318345915717725,-0.85293469183415
24,0.605871550085915,0.13044317268922428
25,1.0762824832796591,-0.25708669550665375
26,0.31618023118227584,-0.46816286416931924
27,-0.12496979507254546,-1.1183371479627184
28,-0.06740422851327477,-0.15925097008399197
29,2.649267816315994,1.6174227973153539
30,2.646767650427849,-1.3722552353302377
31,1.0165933741897994,1.46162063934543
32,0.5822799751925095,-0.7773214331636336
33,1.3052527008111716,1.1565581482542235
34,0.3084098207343694,-1.448099307234637
35,0.955466131731082,0.9338743355868393
36,-0.5312148147909264,0.09906156040080905
37,0.8495264424624899,0.33449422204359974
38,1.2217414181303061,1.1714763952210114
39,0.5451600776032605,-0.05663286198376613
40,0.9501874849587428,-0.5209959937813808
41,0.6642547891300813,0.37268737551106795
42,0.5861732965629669,0.5930610782291781
43,2.338984604325238,0.6570704640042406
44,1.2641632410086294,-1.5701038678264103
45,1.0962651931773286,-2.116600174919356
46,-0.3262408035773726,-0.384169164931729
47,-0.05661068836653704,-0.704900311270497
48,-0.6532517290784141,1.3299064410253996
49,0.09865597831400114,-0.04752525582876313
50,-0.5163485678026545,-0.35435994070028953
51,-1.3702887700853486,-1.3436638635720768
52,-0.1108793526410703,-1.0576652360917853
53,0.1203220248787289,0.16999666691757354
54,-0.9512176884031742,2.7358404616464433
55,2.3497389674021263,0.2109802802603159
56,0.5537833524215598,1.1161802904489395
57,0.5314983735359771,-0.3782305599077488
58,0.22001022031657408,-0.5467149400341094
59,0.9250057456736971,0.21994083695498418
60,0.45191319128555596,-1.2221107182840698
61,0.25001056724689996,-0.9363515874234585
62,1.537297549700533,0.04694424102387537
63,-1.2910268222725734,-0.7363433132570409
64,0.8298331132882844,-0.5567831041837614
65,0.27666029368216893,-0.14656580940284422
66,-0.8344869474506997,-1.0984307943733682
67,0.05802022686375319,1.2604490851787205
68,0.576787063442191,-0.7676631637729663
69,0.6071681781584861,-1.3080184179203478
70,0.26256790563856935,2.7597286160231924
71,-0.014526537861186961,0.97551294989517
72,1.2372552917701496,0.8887347228834088
73,1.2328557298351517,-0.4260974896666724
74,-1.040834894382771,0.3377471476222151
75,-0.5087542434827292,-1.7276786572132223
76,-0.07029528997129397,0.6977476250008439
77,1.5625351594089667,-0.7841785731278135
78,0.5245181902626256,-1.3381190418564675
79,-0.05970456923854006,0.6094579031808247
80,0.3039101209837622,-0.33983283214211846
81,0.676707204406444,0.9374694681566407
82,2.0021850369969147,-0.2925442857144804
83,0.6880031432220712,-0.3125012088855267
84,-0.721500678382422,-1.0223504913396066
85,-0.22055347042266704,-0.5284718107721789
86,0.382847033093105,0.04372627959115549
87,0.8076957914719387,0.151945185246247
88,0.11223455871954818,0.160079261404581
89,0.4473450996723348,-0.7702457881680145
90,-0.6019319332614335,0.4314393670718533
91,0.04066416254081706,-0.2263733081091676
92,-0.7261407015591934,-0.7982151344129185
93,1.1083864175079392,-0.07495361030102296
94,0.4406408208451772,-2.101185012694258
95,1.2599343089643211,-0.05017675791775819
96,0.2990255666599456,-1.4208375293686424
97,0.46791315072522316,-1.5608678188164944
98,2.52903780441806,-0.6011914060056938
99,-0.1661177382823007,1.2773783980710192
100,0.4985523960100276,-0.33959703747931036
101,0.533378263932952,0.2882242617723563
102,1.7855468539518962,0.29177897024088983
103,0.45451467053556777,-0.11268456731591278
104,1.7066791998701645,0.4931465589275653
105,0.017726063525092317,0.29665313058189435
106,1.4058579933813045,-0.1016631538326642
107,1.5867392338041704,0.9316294807110346
108,0.8074787119660216,0.123300628630855
109,0.6200834920212595,0.2651014018448333
110,1.256932498384777,1.4499451876975629
111,-1.0883950355911367,-0.19251951386712937
112,1.2267312146033564,0.7562417619872556
113,-2.065322148511007,0.46975584511393986
114,0.9832073423248853,-0.5968353321746225
115,2.4281249855750255,0.253353983171971
116,0.8225212482295996,0.09437456624463669
117,-0.8527788118174358,-0.20059481100678492
118,0.48130447481754446,0.2921416537566077
119,-1.9778240353080967,-0.6261110521707101
120,0.47627810178748614,0.4814077319956943
121,-0.4836972109334179,-0.49074019412607595
122,1.147262871480669,-0.13698389805920444
123,0.20919000626392376,-0.8410598879128006
124,2.2177032276041517,0.3855043798930988
125,0.8395222264377192,0.25126317698681966
126,1.1012793749406629,0.32141342008336526
127,0.7830818681549023,-0.4266803641121739
128,-0.29841182281172474,-0.5861053303885083
129,-2.3686168664014335,-0.0377049747920882
130,-0.7464461971266785,0.19151600628780127
131,0.12229465086291547,-0.6927039993176924
132,1.908128864998377,0.9903402163451002
133,-0.776460170531549,0.31349004855009666
134,-0.35165646416940244,-0.4922963902919293
135,-0.3515664134801828,0.8026032128536804
136,2.134253936833141,0.6077820551732547
137,1.9785082622509835,0.19723517891186854
138,-1.004860521883353,-0.2057379225640724
139,1.0184482593100512,0.5731443484029566
140,0.8665061245577123,-0.05282126031648324
141,0.17441675531310946,0.43680574519463067
142,-0.23310106603891023,-0.7125599503145301
143,1.5326303715222112,1.0567043852076723
144,-0.02131678543777482,-0.2630305756426935
145,1.3372399934275614,0.311099175471389
146,1.226919851696803,1.29158342871914
147,0.09552184196415836,-0.2675431489590677
148,1.4989487935615236,-0.20822024670847958
149,0.5625988621794151,-0.16123708753936886
150,0.9375360474216037,1.257566559031744
151,0.6463200234348533,0.4984990039061854
152,-1.0571897551554148,0.04779651136823437
153,0.8008186731553618,-0.6299727121089843
154,1.56801049486914,0.3575241741286157
155,2.8479249281049945,0.7505233047115455
156,1.2311915296752005,0.33334239188508574
157,1.4558155069044836,0.7432415842025633
158,0.2942288021864636,-0.15219942382392823
159,-0.6692455210070252,-0.9680053948529783
160,1.3999512936914145,0.47112159378687
161,1.5788419514127627,0.664527339164388
162,-0.9844269512142547,-0.8978313919488459
163,0.12890306731520906,0.5859057172836927
164,1.0000933240020629,0.6752779518726759
165,-0.12108027925718368,-0.9278447492465243
166,1.1002807020811312,0.1708663355031217
167,0.6202342695770455,0.23021527957092955
168,1.1376698041040176,0.7842614626813068
169,-1.839790759878208,-0.4923685475962458
170,0.8257113983344223,-0.34970398795257196
171,2.287124059326584,0.5164524147034768
172,2.0985373645728,0.7549915218884804
173,1.187694038787798,0.01208737859922468
174,-0.707784278362678,-0.3256368626963714
175,0.7664065383406578,0.5106974987564716
176,-0.6776286570030534,0.3042440315547389
177,-1.7515378223727318,0.5860415933462895
178,-0.7248810594437529,0.25374755801451643
179,2.5050124172333788,0.6733704037056625
180,1.584891506186385,0.08161234330809813
181,0.7042528228883134,-0.025446059254178005
182,1.9401035863300589,0.26340446070793133
183,-0.016218125988882393,-0.20608935552886345
184,1.387607609197679,0.48709646654882943
185,-0.19310172464711128,-0.0645024872715523
186,-0.4571726134802474,-0.1612654674438849
187,-0.44620792990098224,0.17318838349193907
188,-0.05798310778601512,0.07128371769434068
189,0.21824701467775393,-0.6645824730719171
190,1.4618339530536968,1.1970478262955433
191,0.29796138161900787,-0.6713202606221734
192,1.991190566098261,0.5572989012684108
193,1.6526602298016693,-0.028778622655719094
194,2.1509167668538254,-0.43431797181845744
195,1.0535018940835348,0.7198712846531289
196,1.6185064859814813,0.6793143311116856
197,-0.5870402862911026,-0.204036661693598
198,-0.11529707863199201,0.010898167714548518
199,0.6604032971218285,0.07053872962801946
200,1.239335679650639,0.4003508198608298
201,0.8858266667826163,0.9595906426977852
202,1.3293157125575275,0.05746512439685092
203,1.5460445452840004,0.3833860129416057
204,1.4930374566912932,0.5382473684721207
205,0.7785391531545524,0.3689561793114723
206,0.9503059141332624,0.08009501152178528
207,0.248289135552911,-0.37084839828817595
208,0.7461267402221501,0.20430181538220546
209,2.4812094519155625,0.609329097887251
210,0.7017492936845916,0.4651993219228432
211,1.8334246831860053,0.9095604403205723
212,0.1285052155046713,0.5791161823088539
213,1.0878187508407826,0.5472205336430884
214,-0.34809932905524343,0.39891776094752845
215,0.5896586037452778,0.9407610795252933
216,0.6260010028779965,0.36354366832022256
217,0.13893369537833578,0.227032792520784
218,1.8171495627962404,0.6516544852010848
219,0.9481046683783894,0.5453109514431289
220,0.8721684289229661,0.46241386855494965
221,0.7854530037582934,0.20227394939264534
222,0.35435170511135017,0.812998545387456
223,-0.5408257441967306,0.026491478769936183
224,0.23919978969358824,0.20416296697901576
225,0.9647460828666568,-0.33785690696184745
226,0.8484075796795221,0.342842483537191
227,1.6433176539107666,0.30164666945104257
228,1.1667249184581197,0.07520265444597074
229,0.7358926262946283,0.03111422357793453
230,0.8487358010360533,0.6011835796249468
231,0.7387526340456786,1.044483459135803
232,1.641825662270493,0.7655800718103917
233,1.7697805313881299,0.15519523308974792
234,1.2278848149697983,0.3028688829405265
235,0.5623644458622561,-0.015460931758207785
236,-0.2447224320804271,0.7482130409028296
237,0.45073602343506347,0.5435959420418611
238,0.8807529660374158,0.851567719752127
239,1.2258073076036504,0.3109137453444388
240,0.02393463878853186,-0.01482582263383947
241,1.410333981005789,0.1309232227480155
242,0.18403719289828357,0.3403122679136237
243,0.8764506922261122,0.6857751126160754
244,0.8960581879405574,-0.006427356712600973
245,0.749074506232993,0.5982075955483523
246,0.8446814170215252,0.039762137185458346
247,0.139958650179849,-0.18506425782561287
248,0.4381973079477337,0.48467678671789527
249,0.716569526790277,0.5597826811979947
250,-0.4048774624838498,0.8595374552915509
251,0.956864732317614,0.2615804523955037
252,-0.500626159991465,0.41405379240770224
253,0.6878314781558877,0.42527318911552336
254,1.4415942846742098,0.4470708319950919
255,1.1945828462949555,-0.2281660662670758
256,0.9042008230166981,0.6720379761687825
257,-0.055859035734321605,0.2748650908788105
258,2.3583121821037514,0.4191428146910712
259,2.1528062195858686,0.873347130380351
260,1.1325895558618084,0.24295435109553537
261,1.371084844593664,1.0579287197528666
262,0.6932375434359497,0.12972055233619834
263,1.0150187472430816,0.3274479462168072
264,0.9000728416735913,-0.15837174707633095
265,0.05546950390300154,-0.08333530697727265
266,2.4478741548858682,0.13092868764874366
267,-0.4704535941674053,0.7579444372325065
268,0.6909309087726452,0.1767578855424716
269,1.5545160958725321,0.3713836498305083
270,1.336032117478909,0.5536202155113148
271,1.0560920143539834,0.3636594097035073
272,0.5664915997282876,0.6803804770756954
273,0.4940032324884121,0.42145346145073315
274,-0.015354056251920545,0.3873224258343445
275,1.0182275619186114,0.6407176222634757
276,1.0103111553827269,0.0326397944533941
277,0.6715306397241751,0.9892531648331657
278,1.5599349041487645,0.6160506878956407
279,0.027216609417725968,0.03097136673149714
280,0.7297865319984338,0.5388328999491677
281,0.2939465433873778,0.9054298160763908
282,0.7231641723660938,0.36697619638475903
283,0.2138208543000798,0.13468209653368618
284,1.1077869075266338,0.11303801956550152
285,0.4765658971081619,1.1606818920774415
286,-0.5003604647224009,0.5759178073655897
287,0.10850235436270272,0.39048188590115457
288,1.2081405787287327,0.6235483358391873
289,0.8626730843745666,-0.3176921689109802
290,1.0011429099418587,0.6386308495580577
291,1.2593588769288053,0.6700986081115275
292,0.6217592025468193,0.22399172710759255
293,1.1568320272863506,0.1421768479419413
294,1.0133766962010138,0.6805830990924532
295,1.524389834487088,0.2757903355425069
296,0.7520458531871307,-0.13701123836193208
297,-0.2872993803624795,0.4515079253265081
298,-0.256598312252607,-0.3598112570438685
299,0.4516631129265156,0.5039874694009677
300,0.5465864111813956,0.49373064101410463
301,0.8394725537129621,0.044700961507617765
302,0.9345576418869687,0.5573402306017936
303,0.8711494777612228,0.640446347506956
304,0.8943315357703672,0.7428522502586541
305,0.07736639583775895,0.6031663135372395
306,0.43201780071799295,0.5670266556994705
307,0.9813780196714204,0.5853048643007159
308,-0.3913408365048656,0.30183262721291393
309,1.5394792338912362,0.33328450100954016
310,0.5741003164172381,0.5176406641945009
311,1.117374850625093,0.6242268963854593
312,0.9265351985521155,0.5872264034050332
313,1.5232093463421468,1.0130892688259863
314,0.5417511694078893,0.1115268405335536
315,1.7767844357718963,0.9087700820433291
316,0.4577363463575013,0.5412214473471603
317,0.6775780389625995,-0.1910984114332146
318,1.0154790536451745,0.8514970764467344
319,1.201218051833253,0.1829842612817077
320,1.6708282231657265,0.9362730945037908
321,0.4520049101087552,0.3034423307534297
322,0.8387533855749696,0.2267852759316859
323,0.08892078690086613,0.32235621303919165
324,-0.2958124344957478,0.6779599950769257
325,0.49819869867928385,0.4648280025543692
326,0.8745528378939545,0.5950619907921033
327,0.968544941364114,0.6410520173910067
328,1.0546517056265656,0.7766323179108902
329,1.297734375687643,0.864556478232245
330,1.008180795780984,0.49940368413400643
331,2.330502855840985,0.7796986851064491
332,0.2405984968311452,0.40045234900408533
333,0.05238618636966452,0.12787754035204912
334,0.19455264428994556,0.24327869639945326
335,1.2836293320914192,0.43424324150201793
336,1.1218927647787096,0.6176512925326069
337,-0.23360003728746603,0.5111827274210055
338,1.0056665393110653,0.6136366924066908
339,1.2855474962723556,0.35841336034059623
340,2.52054791461378,0.5484802729733638
341,0.8351874822680145,0.02211516379132006
342,1.3134169219774885,0.5245544974885347
343,1.7835076508708396,0.902645125450001
344,1.3831501684334309,0.674413313986584
345,0.6889529986320264,0.2695507592324554
346,0.9799065840574693,0.9128515165617348
347,1.619098948541351,0.4738202772048874
348,1.0719312949527804,0.3749817868389093
349,1.5948147830214174,0.6616449211826215
350,0.27658478606172143,0.4685516139962198
351,0.5484592923471894,0.7702240167745686
352,0.5058320998061775,0.56465493595269
353,0.527776258599407,0.6003760741773518
354,0.7799751341201094,0.5497229310051918
355,1.1101523438835619,0.6078624814759896
356,1.2596678138393684,0.9265983263683261
357,0.9976872426762602,0.6047536216169458
358,-0.19316015673737807,0.13542051010247502
359,0.1896242223661977,0.4867344262171877
360,-0.25993723315649286,0.17111670068723928
361,0.9607758612972827,0.8470842933509064
362,0.5388001471578078,-0.03401655029057271
363,0.90278692355806,0.5764101706195752
364,0.36979569658209005,0.859985756964192
365,1.6459700340433168,1.2895503365666459
366,1.2702467962111996,0.5970175841697197
367,0.3997815761819308,0.40472418588776043
368,0.6456694905356906,0.7698963352875795
369,1.405517035718455,0.2410146936364534
370,-0.062452989541752824,0.5409853449352389
371,1.626666061719829,0.23190989848230936
372,1.6399722180409648,1.0051131214088256
373,1.2313167441518023,0.42041472982022376
374,1.3811183439043027,0.6326856366256873
375,0.2909031478083537,0.3528761972160691
376,0.5501788507268212,0.7094359656111552
377,0.6825141059648014,0.6844269005380911
378,0.9604704306175584,0.5613771836895877
379,1.2159538900979945,0.6872881463237749
380,0.1592317140445847,0.3022230979876535
381,0.10402943919601082,0.6998630669664431
382,0.7549429930968474,0.610537207005073
383,0.38880940134628944,0.5272140631813702
384,-0.18513521973093672,0.12199808458042694
385,0.8530157829142038,0.8807683734516939
386,0.214300969467625,0.48902615996665516
387,0.6901463912215622,0.7178471157818405
388,0.6371745620285271,0.4634822236586336
389,0.3783106847971575,0.7124996040392362
390,1.3656210683871293,0.6805929395171975
391,1.0950548152872057,1.0693044145750732
392,1.4162562189451584,0.4393465588394949
393,0.707098652005122,0.7200132962063766
394,1.5089119805868527,0.365836930105902
395,1.3884281162637726,0.35558657091725643
396,1.4147363839290517,0.8362543131242608
397,1.521242180253445,0.9583234007830761
398,1.331118701091032,0.6597317716729805
399,0.8427488979119443,0.5292956886757804
400,0.6627222898511287,0.3048934064884776
401,0.7119044490863002,0.38367990971198757
402,0.6672352300027381,-0.1149838735952991
403,0.9386263498474575,0.5467847943798863
404,0.5272839797918536,0.3955113729227784
405,-0.3451780624285089,0.14171139311332676
406,0.42860938353932654,0.21441355482314706
407,1.4433632900247062,0.578974629588481
408,0.7185590069370512,0.48643684544363863
409,0.020005972266351923,0.8768067659996839
410,1.0907988510779112,0.4244461845801545
411,0.37582408864198397,0.40583680529634497
412,1.7144314352901477,1.1133218554798148
413,1.0390489410425356,0.7811341911505917
414,1.2801466433650894,0.5671921334542369
415,0.7775793813230641,0.5137050826417037
416,0.2957086773049954,0.37324404715926235
417,0.8826970261417569,0.2907484351350732
418,0.7523467017668948,0.5099835617036901
419,0.6117781914912946,1.1120977980061355
420,1.1080581806026675,0.607764609371128
421,-0.013811750052077909,0.8026415148329344
422,1.2712916012636937,0.7622136582460404
423,0.4815916068136122,0.31794229384531275
424,0.8915184004233583,0.42448979578289614
425,1.0864661637310684,0.9677414655299134
426,1.6358266648204123,0.2222783619480317
427,0.7217834047262716,0.33059104801827943
428,-0.837526021424064,0.4913159971473415
429,-0.5000965403889309,0.08659374001645564
430,1.048287902789923,0.589187971737891
431,0.4897781296054089,3.085021196946869e-06
432,1.7414004970236365,1.036226135192337
433,0.37000877110144076,0.49503743181927845
434,0.8541865310772674,0.2745001411048822
435,1.469955339416586,0.6431726924438601
436,1.2199300047806836,0.5379498467409481
437,1.5517278288070124,0.4027549304333095
438,1.079388080963245,0.7583167166343006
439,0.31642427863587613,0.6613071493669614
440,0.8254658368772687,0.169860189553665
441,1.2403600588764114,0.8060541836163395
442,1.6586514400303507,0.8793358234311537
443,0.2421860878364549,0.47564470361629213
444,1.2736306194960425,0.6826195599068294
445,0.523560565150438,0.442706258129713
446,0.2796794031337412,0.6763069971138763
447,0.4872655877108903,0.5982445279311235
448,0.8164700709865949,0.5759751112153022
449,0.9400505587564377,0.8497907099800519
450,1.5242017104831427,1.1012486735826126
451,0.2116020493078019,0.24495243477972362
452,0.8904976373246336,0.4920750276992062
453,-0.3708528183985015,0.16427246564996162
454,0.08579395040669036,0.6548791838142418
455,-1.3698195886458775,0.08623990050552804
456,1.4429787316851679,0.6471405156187274
457,0.8005628626818321,0.8877963223076997
458,0.7110694189663682,0.5507003850906915
459,1.2741468130202527,0.6508968406963194
460,0.9490210631072307,-0.06958753073323115
461,0.39487956498614785,0.27614638474186864
462,1.0481750125557316,0.8340260893880468
463,-0.16495524123897376,0.9752439888664353
464,0.7221278489138058,-0.06201108239447645
465,0.47380182928505127,0.7358607326980117
466,1.5592863475260992,0.6335177825362994
467,0.24316513252616534,0.9056843243604538
468,1.2613052590923792,0.4802184424778413
469,1.0848447010067415,0.3299960319000931
470,0.39825365574382954,0.3511381359804598
471,1.1749282171857613,0.2233913868438402
472,0.2804897910645865,0.1749720785100532
473,1.0450863226795988,0.653667087202054
474,0.9157101602938365,0.6723307931877363
475,1.175081957851519,0.6839365558413948
476,1.401791969800337,0.5108786137638256
477,1.6418904073604685,0.3524622884389963
478,-0.03165827851403058,0.014243987843316874
479,0.5730322357387541,0.48306761598569403
480,0.8243071944431326,0.29737119190323613
481,0.4256845494782634,0.1786117055798075
482,0.5441365391311302,0.36201863982520954
483,1.2609087096225209,0.43932343402737417
484,0.6354765720158494,0.5477526463920448
485,-0.17502726340505936,0.8932381551810684
486,1.023583348717306,-0.10494792256215285
487,1.072656465369145,0.4383253923993882
488,0.10705546724091008,0.40144075543404933
489,0.3956015322283244,0.4078955678946836
490,0.12276640521271964,0.698493444825892
491,0.4131804078895674,0.3904071958271999
492,0.14128466822663432,0.3395518107093015
493,0.18861771949170958,0.3429064228411377
494,1.6779360690640408,0.3269849232765203
495,1.7148616656046856,0.6304642197556234
496,0.31148393882967207,-0.009223303224464796
497,0.2849077281324053,0.8287231450837648
498,0.3108168387078173,0.2630389527731555
499,0.7822265293883932,0.4100709375202809
500,1.4822614664008413,0.4646356784134907
501,0.08083808815173232,0.46702515404371614
502,1.1794448657017857,0.11983144683646885
503,1.0302025013086231,0.5919926447785628
504,-0.055118637381072144,0.02193795220458883
505,1.3843807447665293,1.0326224129406243
506,0.8721472013911823,0.8545919104046739
507,0.5771059738775688,0.6822217106167374
508,0.7879197186320579,0.473217864615596
509,0.29863472151782006,0.6683674025590762
510,1.122139865432541,0.5547086137802015
511,1.0678969421065996,0.7847960437049558
512,1.0206885392811407,0.42859069510636333
513,0.9329003942545687,0.6990963194548832
514,1.3457478443005646,1.1220623901001459
515,0.5777834976057639,0.8901225608225938
516,1.1920293735317007,0.592456984285783
517,0.5791664193193029,0.3879150375948889
518,0.6965810069185698,0.5606109883430954
519,0.6186990576279228,0.5343704784479189
520,0.07978596926433401,0.6775725904297032
521,0.790456633908,0.7536926888145716
522,0.5432399495344985,-0.22945348687148204
523,0.06493492504571619,0.7232782073415048
524,0.31148170220331467,1.1327341607915922
525,0.1206298337595898,0.26541537794713627
526,0.8759371341809967,0.10856817329663832
527,1.9505219674598688,-0.06330570941027447
528,-0.482358046011506,0.17046947295173165
529,-0.05567177487714492,0.6613544170544141
530,1.4823595194847767,0.895720232306936
531,0.37171558172766683,0.9566019884659245
532,1.0007821116909212,0.08505881910060192
533,0.8537500212549101,0.18228609478614616
534,1.0074182774477938,-0.0002645777000235272
535,0.9057859327293954,-0.18227747847045705
536,0.8488275799386354,0.22956964354957646
537,0.8818094237339614,0.28491295102190284
538,0.20044865206700258,0.05271668206519964
539,0.9892870107120226,0.3831394248294434
540,0.5162354236366493,0.10986815397692784
541,-0.11799893991935473,0.22503369680777
542,1.0788101885572854,0.6993747075851089
543,0.520292528749848,0.5269743795059829
544,2.058591437919113,0.14949299054063026
545,1.066021812395983,-0.03465623265109846
546,1.1128998837166768,0.560591981104647
547,0.5634764350714649,0.3198532085760465
548,0.48513988172256256,-0.028554687903354414
549,0.8665622003748717,0.35117666513876467
550,0.6245762605182212,0.650506121353756
551,1.9371946007007308,0.5300096166438062
552,2.1373361536993265,0.6576417318875674
553,1.0643863379166727,0.7743126977953994
554,1.131686371552769,0.8073083228196998
555,1.3552704463446865,0.5389759444507778
556,0.21689531866857603,0.08988719836445858
557,0.46817137284051935,0.33684334231508617
558,0.41536118301667624,0.4684767360118035
559,0.2689426655245737,0.6984918311893973
560,0.16002991133030475,0.12079224407888167
561,0.8427256663610185,0.9387322969003326
562,1.5235934944140104,0.4046627800496133
563,0.44536463286747546,-0.3022389226715837
564,0.8617328189345143,0.3021632573815551
565,1.4168947324690389,0.7451479480020748
566,0.6551017566839494,0.3010385580325289
567,1.1566251285719373,0.8590920942386537
568,0.6448244082182909,0.35633066696927573
569,-0.16669121615629012,-0.1920125372353786
570,0.5869210510767597,0.9266168699632462
571,0.9563961802959243,0.45852124478950207
572,0.44055422947848344,0.08712147394924746
573,1.6199530407634375,0.3133193027873697
574,-0.2487062049783486,0.6083591321831133
575,1.5118067781287694,0.643223044546608
576,0.2882224033441575,0.2367733376164997
577,0.767570186323246,0.32660616144553795
578,0.8279818375939081,0.3112179394184701
579,0.7787200318625259,-0.1545291905550149
580,-0.050237035966184895,0.5288963374134904
581,1.5558904234951334,0.47330048439124195
582,0.3787502090049962,0.5883009330192226
583,1.5638698467286725,0.47904322495918017
584,-0.28327106875917174,-0.4983247596742969
585,1.7176789810865218,0.3799201515362324
586,0.1403509482469779,0.39962494451449704
587,-0.4198378917850907,-0.7249470464897294
588,0.70075485887171,1.0816940587673098
589,0.661809303184799,-0.00867221200158913
590,1.3498568974513852,0.892994726828805
591,0.02287907093273933,0.1273161654486984
592,0.875349427794194,0.7130854809707233
593,0.34458867588965353,0.4232731572851539
594,-0.49853679456238775,0.13624272319453345
595,1.9078944692565398,0.7198859208583934
596,-0.24111037602344298,0.315941601256632
597,1.1572827787563265,0.8047987775385584
598,0.7696468287914444,0.42195836594259106
599,0.18512988479897663,0.365989124823498
600,0.5659236548616562,0.7622928443765237
601,-0.37313150410678375,0.36365092097679397
602,0.2818985776353357,0.07283365100501138
603,0.9161777772176813,0.7022075716434357
604,-0.11497776485262268,0.4886847688046806
605,0.8182022227779125,0.10199962861336603
606,1.5917424259677033,0.18858283606902992
607,0.32201742794290483,0.41667457384088225
608,1.5871620413287797,0.894873367733163
609,1.0031295555094244,0.2216294779708501
610,0.05948478456925055,0.06824097860813322
611,0.7696747863754084,1.0741706874639783
612,-0.41155261919765884,0.5824798657522976
613,1.425348022252447,0.8844031224009798
614,1.0522896971009563,0.502666556037094
615,1.1051564015015374,0.1821582334935669
616,1.6986241556761446,0.18271222331337827
617,1.136489481004787,1.0131757309710236
618,0.4568379512050577,0.5697230761904042
619,0.5027017130287611,0.42792046655777793
620,0.5696167501592808,0.5247494659336926
621,0.13626362421917204,0.522166248289317
622,1.2000805625234128,0.6739122547784909
623,0.6432043195199597,0.025138559931397186
624,0.28360442153282883,0.28798896407616525
625,1.1364533439283284,0.5028417255271339
626,0.4224586991596842,0.26226535896752
627,-0.16229686462483872,-0.004957345983714112
628,0.9226641393964341,0.7405145713626302
629,0.02245133161116053,-0.055713545657331665
630,1.7519597568521816,0.45486822800093474
631,0.38205184967587974,-0.045555196382030316
632,2.3805070869735063,0.4683206521881861
633,0.8543872213969147,0.8534028135830558
634,0.4307703901526396,0.35669116676296875
635,0.7588925380162633,0.45269573472109303
636,1.7630068126566014,0.39579825056838414
637,1.2105311925709323,1.2977997581013887
638,0.44461790712660404,0.43761021220296753
639,0.18448352257536904,0.8010105825794095
640,0.03520804458803306,0.46804286553469676
641,1.3357632893478653,0.5214485877461639
642,-0.5405080483699596,-0.39023383915351184
643,0.04544065094492444,0.11346640594663959
644,1.3652310808053947,0.3575731224997409
645,0.5460695845477659,0.5284266811913736
646,-0.28196594657935825,0.43866538911155595
647,1.6476753448070092,0.9307408910174129
648,0.27483892948488,0.872738108231726
649,-0.4044304701135628,0.2657983305546603
650,0.6452471604282285,0.237760255206282
651,1.3384337944228064,0.9015243737764527
652,1.6291467105378523,0.5325864336512934
653,0.23020578871426634,0.5181986243137426
654,1.7565985172821765,0.05347165140082266
655,0.5445266667598344,0.6696798620079731
656,1.7988909300520501,0.6694710481262615
657,0.2197552444990436,0.6950653953249571
658,0.9730047695018719,0.7934653715403989
659,0.557060352734899,-0.07081425132606767
660,1.905760521891743,-0.20834326265864878
661,1.036777875802725,0.898295223620627
662,1.4384959525455,0.5217715614996237
663,0.5749266349007284,0.35735356349720715
664,0.8715521695250871,0.21432543522727127
665,1.6720148045648908,0.3361860678159031
666,0.9362589708642306,0.43796891086854106
667,1.8771999154941263,0.30998671768650277
668,-0.30321350968227545,0.4320481198146382
669,0.33136693751220025,0.37188992134543464
670,0.49348051894203515,0.38841394255242434
671,0.0885664711127726,0.7792975830474278
672,0.055674200647455985,0.4310476079618546
673,0.9507956215501518,0.18476883534295235
674,-0.4458562393153447,0.3327420194514973
675,0.3872746880566945,0.5520813216592675
676,1.298765910313345,0.1969596340166337
677,1.1169229033333385,0.6699541204110918
678,1.4432207476133727,0.38789404651895615
679,1.0092891352776456,0.8014507776767872
680,1.3364898462246264,0.21876572368073816
681,0.5805854195547925,0.5719373791747925
682,0.22267130361338405,0.3455215035392898
683,-0.02052492821648,0.2904686606174982
684,0.03474434127360648,0.29002305207866996
685,1.3322136850256194,0.5682216689431043
686,2.473739456839792,1.6968417046190571
687,0.9202947999079789,0.2933598657050976
688,1.7030212818285253,0.5635100188924856
689,1.564996784991647,0.5582320500696306
690,0.7811984910962778,0.3077163259847365
691,0.3801668359938034,0.9983139611598817
692,0.6395332500931741,0.799682472991424
693,1.1956126931067288,0.15551178762296936
694,1.4258215821151776,0.5702635124029987
695,1.6025028372527672,0.11138965475647755
696,0.2714131856416493,0.416006419448061
697,0.5324172623827441,0.7715467538871911
698,0.5571117756034352,0.3747005866775278
699,1.0372173347047426,1.0628257500586626
700,0.3037718698844802,0.07825478781892786
701,0.13758996417784475,0.3954731137502433
702,0.7859347454232031,0.9569203804536257
703,-0.014999905420361337,0.08870824423050222
704,0.28955061974438734,0.18150994526871655
705,0.6886329914076811,0.42754107367939687
706,1.081134423508761,0.47769666616737316
707,0.6937556079435542,0.9007686822366388
708,0.3610461518468872,0.3494470270641557
709,1.903501252679565,0.36907572888532114
710,0.3601047231077924,-0.27071010745020707
711,-0.08990052540311744,-0.0742386551879125
712,0.6955842053781438,0.767896542752623
713,-0.1705329538604463,-0.4678874557345065
714,1.5960318544522245,0.5377991010646461
715,2.6544723382993416,0.6362864967113716
716,1.362958630022534,0.41933123021197727
717,-0.8262340835526487,0.32005545148348535
718,0.8757372565360965,0.2366390924943264
719,0.5369013924197885,0.47731135368752187
720,0.11423014542547649,0.28018403477384857
721,-0.1151501740807025,0.5636445924905124
722,1.7954240898356597,0.5563798476109678
723,0.354765137875395,0.47216196157458973
724,0.5607624517877584,0.6642405236954001
725,1.5779620560852239,0.8088044686883817
726,-0.3363262724680185,0.6724296152267051
727,0.4746835424930852,0.3965936401763459
728,0.9172790913495054,-0.1676760932830723
729,1.1603758091924246,0.5881400065957099
730,0.6312832894854763,0.3098014098176626
731,1.1028572378203898,0.10845142852291384
732,1.1879719272568425,0.8704083849158937
733,1.2746834125682667,0.33161390867871093
734,0.6251492886037961,0.5746236474338241
735,0.7745333998439812,0.19551053376604746
736,0.5210528172981201,0.04993835749583109
737,0.6596698260468888,0.35767585493340875
738,-0.05262764906837103,0.6102396718703522
739,0.2886506495610336,-0.4725499116309483
740,0.9080154600129723,0.20987579577604676
741,-0.0777135962705866,0.10951217853974582
742,0.8242060832147676,0.5099610351368816
743,1.7577097736883502,0.8592729974698857
744,1.8521964520391445,1.1565066212788087
745,1.5951838612564473,0.6399439967928777
746,0.2974412402504055,-0.3183672085425543
747,1.6207948794371463,0.7866227684258112
748,1.4803169481102458,0.26095544398241444
749,1.7915168409475353,0.3388955277394379
750,1.3437444023746674,0.5919383988646197
751,0.46593049369959916,0.7101755569080304
752,0.6639737234176608,0.8824153890404369
753,-0.22906971434844503,0.2191431439414707
754,0.9167014019525719,0.9223139939252325
755,0.3987872680984482,-0.001673665059344187
756,0.9998171799547758,0.7796982312018067
757,1.3909951556153344,0.6005517877423197
758,1.444709033945196,0.6228599120210123
759,0.46011146417424387,0.37709042982834395
760,1.38127244325986,0.15558825447136904
761,-0.2714327147161786,0.793699226940088
762,1.1372208287765675,0.19548028499843664
763,0.28626512603292964,-0.04632286213855741
764,0.9338488944907921,0.8412338007346838
765,0.20919641959759483,0.3769838759896631
766,1.1407867677599317,0.6988416577248671
767,0.8903524706351166,0.7704779315472048
768,0.17523181500830842,-0.14855152262150217
769,1.4730584216768428,0.19418205928071713
770,-0.22762200208112338,0.35710501575501863
771,0.1311461396956285,0.4772599963664561
772,1.5037157248312543,0.6731607084148197
773,-0.32392367963002844,-0.11830308630167141
774,1.4370191922039228,0.37056473455475136
775,1.6720811568873546,0.029873258023898397
776,0.37807746850790125,0.6383759441905118
777,0.0010706860365606863,0.1407714067711649
778,1.3089346315758745,1.046917522746404
779,1.2274685820760618,0.5871387467844702
780,0.7346056200850215,-0.1880446249405351
781,0.6172011805972341,0.6433550834017501
782,0.3497431058775818,0.5802457905786621
783,1.1634364225179716,0.06197428404389571
784,1.789693236093386,1.2246724614708726
785,0.39542960456011095,0.8559083900712132
786,1.9647054729789764,0.7745006689653138
787,1.2901969878928439,0.44936464091701744
788,1.2179538100244502,0.39782154312708484
789,2.105797614257135,0.40101939672711334
790,1.1956476306432176,0.6650569634509128
791,0.7809317503588533,0.29087718544056584
792,1.6179436430163463,0.45930691329879314
793,0.3628395687997419,0.3842498562826384
794,1.875989905185713,1.1449589634415702
795,0.42013351732544496,0.27721232614419844
796,1.1366964094836032,0.08076466322989367
797,-0.26389043941666146,0.3733483847062087
798,1.6256803595154017,0.222905645686545
799,0.4130333062010196,0.1034901451664732
800,1.072767881194859,0.1789385245546543
801,1.7554028861590096,0.5701950421819535
802,0.9797402499912116,0.9431121101927941
803,1.3744187563178105,0.200290860622778
804,0.5173045837389822,0.3281756591595788
805,0.859330868808523,0.38991950311731777
806,0.4809322938615699,0.40228324021871165
807,0.8889436847928452,0.4944827037220839
808,1.176637298148447,0.42769566934196124
809,-0.396572165199613,-0.18135668098253255
810,-0.030249452594208748,0.09500357191873088
811,1.1721677135289865,0.6766174875407956
812,0.5687185769249696,0.7816749085866463
813,0.7328596025621033,1.0878270486792276
814,1.3319864497634188,0.7836360591621088
815,-0.32486418446297183,0.6373083663995682
816,0.8103875662062824,0.24496933647985505
817,0.8863118620969781,0.37037694894182266
818,1.1384061912525862,0.3221203622989821
819,0.5080792275435819,0.5112855119670358
820,1.5724800369037144,1.0868121542337428
821,1.5759234400259257,0.46580240123159744
822,1.0200978507386382,0.7162054594973584
823,0.48429449473248615,0.2097335028410766
824,-0.049580203692225266,-0.17921440333328498
825,0.5855405935109088,1.0250813369351284
826,0.7193032322682251,0.2323911732223992
827,0.041720337439467126,0.42591487711643883
828,2.0644552724732463,0.688648187768641
829,-0.11620530219724623,0.2535671993089581
830,0.01859446947381327,0.2600152428514101
831,1.5902226043631351,0.45854756244676775
832,0.6088547624659882,0.3953207280889498
833,1.8467524549691505,-0.04147221149539121
834,0.9866049989875854,0.8880064951698692
835,0.9364138319920612,0.4377494475696266
836,1.4452194941422114,0.24901519200016026
837,-0.4661600992815196,0.5802644401921369
838,2.5071082783821845,0.42324369216428337
839,1.0040574414124626,0.46638045574801823
840,1.2651150261777149,0.519107458547607
841,0.3631781451491669,0.5975320585578293
842,1.280179701685757,0.9589477288430207
843,0.7007878107717637,0.4837541964972176
844,0.8004826376444305,0.3556313842511249
845,0.2593677321791592,0.3938354470712997
846,0.610292577741633,0.9849204826891509
847,0.8438489086755818,0.4825604422168144
848,1.054471731599705,0.1596562090008002
849,0.7184340499964617,0.16561396906129405
850,1.8961435041937336,0.828852896422582
851,0.3964900527008596,-0.0632490031341999
852,1.0126997738538939,-0.24973502831935834
853,0.36788958657763793,0.5637178273491533
854,1.518857995950367,0.7327304745426352
855,1.035211239451319,0.6563188318006244
856,1.0694844206527505,0.3868755706049113
857,1.2892097393506075,0.8561106316213036
858,0.1508018693417088,-0.029408662144235653
859,0.31052157744782444,0.4963812503389365
860,-0.15979498752136745,-0.13914309835160144
861,1.5403668745372296,0.09624517546637623
862,-0.8898524366192926,-0.3369553480434039
863,0.7859335275799576,0.5440746289461861
864,0.19957827464466105,0.29912352732409964
865,0.7421509002065244,0.9922273545882995
866,-0.17932076401224495,0.8672657878805522
867,0.7367683068608889,0.5555775312511598
868,0.8979265811369446,0.2315645682525953
869,1.2643894155495703,0.6870349572855224
870,0.9602596317337269,0.34585094123450494
871,1.166275470824587,-0.07616108396200216
872,-0.10320843797598,0.16374470186782392
873,1.038491637232848,0.40480773721338686
874,-0.204934075475663,0.4781783284957708
875,-0.3343291951833154,0.27272805021022617
876,-1.1815766730061208,0.6683776486306288
877,0.07788543369912826,-0.04726707721462742
878,-0.517685723757402,-0.06761599575268429
879,-0.0035373130141543863,0.5470756070937394
880,1.573916026400059,0.3840268895537867
881,-0.04641485246221244,0.8774878000331559
882,0.37197008288654054,1.0414897672094026
883,1.0213041200701194,0.06757257174117381
884,0.8013043652521986,-0.03329353522338635
885,0.9445571426379282,1.1541141121634655
886,1.2136585686336852,0.5462328148630048
887,-0.6163385545553006,0.514554326898641
888,0.8545262971097302,0.7536217352617736
889,1.39693691665447,0.39678364258781207
890,1.150394655094348,0.1263831391627202
891,1.0077283039146472,-0.07894101278159449
892,-1.0603204130898565,0.06662420241285716
893,1.4234656159764039,0.6591669967613596
894,0.05346996134685422,0.7355560400346417
895,-0.37538995649327056,-0.25043906564775964
896,-0.13702113756196987,0.6901322837630333
897,2.1657749522027574,1.1593050498685258
898,0.17638596821062236,0.005117523330481155
899,-0.4171664519258165,0.182226751874903
900,0.746799901134076,0.13009276605576536
901,1.5645511243142418,0.8234683619607
902,1.0013232877866975,0.8569289504004614
903,1.9835621951943223,0.27222867673121365
904,1.196382541329852,0.6496551553665214
905,0.9803932754158105,0.27063782192815566
906,0.7448712946667145,0.06296065789424937
907,1.5002300838653537,0.6831743862022098
908,0.049001634392104476,0.798460172064394
909,-0.08716174576761138,-0.2715090367780334
910,0.19541770652707746,0.74964694547879
911,0.40841188556590347,-0.04265409177601359
912,0.8146503501765652,0.18454693851140727
913,1.1628109434214204,0.5600915590047917
914,0.5932039017782511,0.5697200770949663
915,1.5634504967072487,0.41927416174386867
916,1.0266908596122835,0.879232895848753
917,1.3581055792428232,0.19632346331989445
918,1.2931850405684209,0.2820803178773648
919,-0.5038812599566376,-0.539140177338026
920,1.3156889436391859,1.153974001195256
921,1.1619655106916742,0.9875999609042485
922,0.47892588231851757,-0.2464768061815833
923,0.8099200297784475,-0.8569846364743189
924,1.4116925837964938,0.6908796219740581
925,0.9333999632889792,0.2903731653373379
926,0.5658565257612844,-0.04538080886565632
927,0.9369405147215344,0.653508578106645
928,0.18698284178980873,0.7573391907422162
929,0.2738956706387641,0.8062945222447758
930,0.37430612037996897,0.1933914555985988
931,0.3307211014592418,0.056661769867372924
932,0.5532455743305396,0.08006133497293183
933,0.7780066505036598,0.6316697910689238
934,0.5503659409782902,0.2406469436648638
935,0.6942697795193127,0.3066946876200375
936,-0.6644314537609071,0.23454837412614718
937,1.2221605844169046,0.19029946131425365
938,0.7649760671448917,0.4121385673539761
939,1.0545947958602975,-0.033876446103460744
940,1.3780780346314212,0.5421374086794348
941,2.5551179444015286,0.6271900741592705
942,0.5537614899826095,0.519925240225821
943,0.1924861910281126,-0.31268678220331525
944,0.296165413788124,0.2902017779164413
945,1.5943294304976643,0.7851308662066624
946,0.5099589048052969,0.8971229232384658
947,0.9015857235958142,0.8876488276156698
948,1.1621789466112356,0.7618202911828627
949,-0.6171566981446892,0.2983643396768847
950,1.1473527827683068,0.25659453841374985
951,1.1065529165557155,0.30440648038141443
952,-0.16873553467330393,0.19994642820968833
953,0.8177072758188368,0.5148365644372499
954,1.202488127520388,0.45708130771126315
955,0.8355120752341073,0.11182677460645252
956,1.187846360250099,0.8841316497571935
957,2.1878483576370398,0.4995748392527486
958,-0.4749438170340683,0.2721812329495178
959,0.19326967256070104,0.3954168975150897
960,-0.7219642101638137,0.08524274647218738
961,0.7251234082422647,0.7741444179227743
962,1.1173870378044628,0.3682412921647746
963,-0.43390670206987125,0.2476367921247235
964,0.2131020503272708,-0.10784366266629275
965,0.2373701795469737,-0.05888461128884254
966,1.388850398226015,0.41800877237579803
967,-0.07839776861245551,-0.24497371973196036
968,0.9654078257474389,0.7336803703919453
969,0.9990926612644926,0.6428060701286729
970,0.7256767322450495,0.7835877703529809
971,1.4981286879883817,0.1528187391853763
972,-0.046538552763718766,0.6803059530186274
973,0.9481760585614122,0.7736661351272455
974,0.6915974696173087,0.5528277241330991
975,1.5074033049433946,0.6627162002026455
976,-0.530695259936534,0.22987161938132897
977,-0.21810172633718317,-0.1508381232000019
978,0.23764887745662844,0.8912341921971014
979,2.730838574238865,0.825152331649869
980,1.152121591605003,0.20903989954229202
981,0.9584385752303246,0.9230357175765177
982,0.2807672599636488,0.9459076033507104
983,0.2922162250322682,0.9364419579243674
984,0.005179712983224949,-0.11387486113916723
985,0.2351490990860573,0.17183549569955547
986,0.15316338023249731,0.2376388928718137
987,0.3267957014103081,0.5956032319871106
988,1.10714848184554,0.34612591658578956
989,1.1595812149592248,0.2911652420798894
990,-0.6121552198308626,0.37564035076067903
991,0.8188743785609142,0.5278283316114898
992,1.5658811880707004,0.3663890356951667
993,0.021588402751886338,0.23683567377684506
994,-0.147340076262217,0.3174678310978432
995,0.8393986184834207,0.6859965034932531
996,0.9341349057705073,0.6429583347283653
997,0.1665192149433239,0.3812001035409612
998,0.09285387021371294,0.3813052254708462
999,0.40607907584120223,0.49633094953588436
